Domain,Expiration date,Registrar,Availability
www.00.net,06/10/2023 04:00,"eName Technology Co.,Ltd.",taken
www.01.net,29/01/2024 05:00,"GoDaddy.com, LLC",taken
www.02.net,01/01/2023 05:00,"TUCOWS, INC.",taken
www.03.net,30/08/2024 04:00,"GoDaddy.com, LLC",taken
www.04.net,03/09/2031 01:04,"GMO INTERNET, INC.",taken
www.05.net,03/09/2031 00:37,"GMO INTERNET, INC.",taken
www.06.net,28/05/2024 04:00,"GoDaddy.com, LLC",taken
www.07.net,22/06/2032 04:00,"Network Solutions, LLC",taken
www.08.net,22/12/2024 05:00,"GoDaddy.com, LLC",taken
www.09.net,12/09/2025 04:00,"GoDaddy.com, LLC",taken
www.10.net,07/03/2026 11:44,"GoDaddy.com, LLC",taken
www.11.net,26/12/2023 11:59,"GoDaddy.com, LLC",taken
www.12.net,30/09/2030 04:00,"GoDaddy.com, LLC",taken
www.13.net,26/01/2024 05:00,"GoDaddy.com, LLC",taken
www.14.net,01/09/2023 04:00,"GoDaddy.com, LLC",taken
www.15.net,29/10/2030 04:00,"GoDaddy.com, LLC",taken
www.16.net,14/03/2025 04:00,"GoDaddy.com, LLC",taken
www.17.net,03/11/2024 06:00,"GoDaddy.com, LLC",taken
www.18.net,08/01/2024 05:00,"eName Technology Co.,Ltd.",taken
www.19.net,13/07/2023 11:59,"GoDaddy.com, LLC",taken
www.20.net,24/11/2025 11:41,"GoDaddy.com, LLC",taken
www.21.net,22/05/2023 04:00,"GoDaddy.com, LLC",taken
www.22.net,16/04/2023 04:00,"eName Technology Co.,Ltd.",taken
www.23.net,31/03/2024 04:00,"GoDaddy.com, LLC",taken
www.24.net,30/12/2026 05:00,"eName Technology Co.,Ltd.",taken
www.25.net,19/01/2024 19:28,"eName Technology Co.,Ltd.",taken
www.26.net,01/07/2025 04:00,"GoDaddy.com, LLC",taken
www.27.net,01/09/2023 04:00,"GoDaddy.com, LLC",taken
www.28.net,25/12/2023 05:00,"GoDaddy.com, LLC",taken
www.29.net,01/07/2024 04:00,"GoDaddy.com, LLC",taken
www.30.net,08/06/2023 04:00,"eName Technology Co.,Ltd.",taken
www.31.net,10/11/2023 19:15,"GoDaddy.com, LLC",taken
www.32.net,29/09/2023 11:10,"GoDaddy.com, LLC",taken
www.33.net,06/05/2026 04:00,"GoDaddy.com, LLC",taken
www.34.net,22/01/2023 05:00,"GoDaddy.com, LLC",taken
www.35.net,13/03/2023 10:49,"Xiamen 35.Com Technology Co., Ltd",taken
www.36.net,22/01/2025 05:00,"GoDaddy.com, LLC",taken
www.37.net,03/05/2023 19:33,"TUCOWS, INC.",taken
www.38.net,01/07/2025 04:00,"Name.com, Inc.",taken
www.39.net,22/01/2023 05:00,"Alibaba Cloud Computing (Beijing) Co., Ltd.",taken
www.40.net,07/03/2023 11:52,DYNADOT LLC,taken
www.41.net,28/09/2024 11:43,"GoDaddy.com, LLC",taken
www.42.net,29/11/2029 05:00,"Register.com, Inc.",taken
www.43.net,12/12/2022 11:59,"GoDaddy.com, LLC",taken
www.44.net,19/11/2023 05:00,"eName Technology Co.,Ltd.",taken
www.45.net,08/06/2023 04:00,Moniker Online Services LLC,taken
www.46.net,31/03/2029 04:00,"GoDaddy.com, LLC",taken
www.47.net,18/09/2025 04:00,NAMECHEAP INC,taken
www.48.net,22/01/2031 05:00,"GoDaddy.com, LLC",taken
www.49.net,13/03/2028 10:53,"eName Technology Co.,Ltd.",taken
www.50.net,16/04/2024 04:00,"GoDaddy.com, LLC",taken
www.51.net,29/12/2023 18:22,Internet Domain Service BS Corp.,taken
www.52.net,27/09/2023 11:53,NAMECHEAP INC,taken
www.53.net,01/07/2025 04:00,"GoDaddy.com, LLC",taken
www.54.net,22/01/2023 05:00,"eName Technology Co., Ltd.",taken
www.55.net,21/04/2023 04:00,"GoDaddy.com, LLC",taken
www.56.net,17/03/2025 11:59,"GoDaddy.com, LLC",taken
www.57.net,01/07/2023 04:00,"eName Technology Co.,Ltd.",taken
www.58.net,01/07/2023 04:00,"eName Technology Co.,Ltd.",taken
www.59.net,01/07/2024 04:00,"GoDaddy.com, LLC",taken
www.60.net,16/04/2024 04:00,"GoDaddy.com, LLC",taken
www.61.net,22/01/2024 05:00,"NameSilo, LLC",taken
www.62.net,22/01/2026 05:00,"Shenzhen Internet Works Online Technology Co.,Ltd.( 62.com)",taken
www.63.net,13/03/2025 10:54,"GoDaddy.com, LLC",taken
www.64.net,22/01/2026 05:00,"GoDaddy.com, LLC",taken
www.65.net,06/03/2027 11:48,"GoDaddy.com, LLC",taken
www.66.net,25/06/2023 04:00,"NameSilo, LLC",taken
www.67.net,01/07/2023 04:00,"eName Technology Co.,Ltd.",taken
www.68.net,none,none,unknown
www.69.net,21/07/2023 04:00,Moniker Online Services LLC,taken
www.70.net,13/03/2024 11:09,"GoDaddy.com, LLC",taken
www.71.net,01/07/2026 04:00,Ourdomains Limited,taken
www.72.net,01/07/2023 04:00,"eName Technology Co.,Ltd.",taken
www.73.net,01/07/2023 04:00,"eName Technology Co.,Ltd.",taken
www.74.net,01/07/2024 04:00,"GoDaddy.com, LLC",taken
www.75.net,16/04/2023 04:00,"GoDaddy.com, LLC",taken
www.76.net,01/07/2024 04:00,"GoDaddy.com, LLC",taken
www.77.net,31/07/2027 04:19,"GoDaddy.com, LLC",taken
www.78.net,01/07/2023 04:00,"Alibaba Cloud Computing (Beijing) Co., Ltd.",taken
www.79.net,19/06/2025 18:34,"GoDaddy.com, LLC",taken
www.80.net,06/03/2025 11:55,"GoDaddy.com, LLC",taken
www.81.net,22/01/2029 05:00,"eName Technology Co.,Ltd.",taken
www.82.net,28/09/2023 12:59,"eName Technology Co.,Ltd.",taken
www.83.net,01/07/2024 04:00,"GoDaddy.com, LLC",taken
www.84.net,01/07/2023 04:00,"eName Technology Co.,Ltd.",taken
www.85.net,19/01/2023 19:11,"eName Technology Co.,Ltd.",taken
www.86.net,04/01/2025 07:16,"eName Technology Co.,Ltd.",taken
www.87.net,26/04/2025 04:00,"GoDaddy.com, LLC",taken
www.88.net,23/04/2025 04:00,"GoDaddy.com, LLC",taken
www.89.net,08/12/2023 12:26,"GoDaddy.com, LLC",taken
www.90.net,16/04/2024 04:00,"GoDaddy.com, LLC",taken
www.91.net,24/11/2030 14:57,"Sea Wasp, LLC",taken
www.92.net,30/07/2023 04:00,"eName Technology Co.,Ltd.",taken
www.93.net,14/02/2023 19:19,"eName Technology Co.,Ltd.",taken
www.94.net,06/03/2027 11:48,"GoDaddy.com, LLC",taken
www.95.net,06/12/2025 12:22,"eName Technology Co.,Ltd.",taken
www.96.net,30/03/2025 04:00,"GoDaddy.com, LLC",taken
www.97.net,24/06/2024 04:00,"GoDaddy.com, LLC",taken
www.98.net,28/12/2025 11:59,"GoDaddy.com, LLC",taken
www.99.net,21/02/2023 11:39,"eName Technology Co.,Ltd.",taken
